{
  "bmi270_tel_148": {
    "run": "tel_148",
    "source": "Measured in firmware",
    "mode": "AtomS3R/BMI270 ODR50 LPF20/22 vehicle-format clean log",
    "plateau": {
      "found": true,
      "start_s": 2924.41605,
      "end_s": 3625.596337,
      "duration_s": 701.1802870000001,
      "temp_mean_c": 36.69412435824301,
      "median_abs_slope_c_min": 0.019092243473019275,
      "start_idx": 146222,
      "end_idx": 181281,
      "note": ""
    },
    "timing_quality": {
      "status": "PASS",
      "note": "nominal",
      "sample_count": 362160,
      "duration_s": 7243.156042,
      "fs_median_hz": 49.990001999670774,
      "fs_mean_hz": 50.00016538370747,
      "dt_median_s": 0.02000399999997171,
      "dt_mean_s": 0.019999933846735825,
      "dt_std_s": 0.00027222208055807656,
      "dt_min_s": 0.002057,
      "dt_max_s": 0.02167699999972683,
      "jitter_rms_us": 272.25244672088,
      "jitter_p95_us": 332.9999999550637,
      "timing_outlier_count": 2,
      "estimated_dropped_samples": 0,
      "duplicate_time_count": 0,
      "fifo_overrun_count": 0,
      "fifo_backlog_max": 34.0,
      "imu_sample_fresh_rate": 0.9985310360061851,
      "mag_sample_fresh_rate": 0.49926551800309255
    },
    "rows": 362160,
    "final_gyro": {
      "x": {
        "mean": -2.465116942384485e-05,
        "std": 0.006754719496988378,
        "min": -0.02641,
        "max": 0.02436
      },
      "y": {
        "mean": -1.5946662863662295e-05,
        "std": 0.005829588683914506,
        "min": -0.02342,
        "max": 0.02589
      },
      "z": {
        "mean": 5.5984027381631614e-06,
        "std": 0.006090303531537735,
        "min": -0.02217,
        "max": 0.02336
      }
    },
    "pipe_body_gyro": {
      "x": {
        "mean": -0.10637380747290359,
        "std": 0.04371412970245331,
        "min": -0.2333,
        "max": 0.01188
      },
      "y": {
        "mean": -0.058520854249857396,
        "std": 0.0336081535347236,
        "min": -0.17732,
        "max": 0.0684
      },
      "z": {
        "mean": -0.12015963633770681,
        "std": 0.03429498763611533,
        "min": -0.21687,
        "max": -0.02681
      }
    },
    "tbias_gz": {
      "mean": -0.12016822732458642,
      "std": 0.006084438472123454,
      "min": -0.14138,
      "max": -0.09895
    },
    "zaru_active_pct": 99.43810610382202,
    "sequence_gaps": 0,
    "estimated_drops": 0,
    "sd_records_dropped": 0,
    "fifo_overrun": 0,
    "tco_excluded": true
  },
  "mpu6886_repeat_014_vs_017": {
    "reference": "MPU6886_014",
    "repeat": "MPU6886_017",
    "same_face": true,
    "face_reference": "+Z",
    "face_repeat": "+Z",
    "gyro_mean_delta_dps": {
      "x": 1.2934565853576188,
      "y": 1.8291597576772523,
      "z": 0.0007510988092084281
    },
    "gyro_std_delta_dps": {
      "x": -0.004312319330493808,
      "y": 0.002021362221399488,
      "z": 0.00029654440079258937
    },
    "acc_mean_delta_g": {
      "x": -0.0006290689095243898,
      "y": 0.0016185220345826656,
      "z": -0.000137938492224432
    },
    "temp_mean_delta_c": -0.9044318283000266
  },
  "mpu6886_replay_cases": {
    "fixed_014_to_017": {
      "case": "fixed_014_to_017",
      "source": "Offline replay / fixed calibration",
      "test": "MPU6886_017",
      "eval_window": "plateau",
      "bias_dps": {
        "x": -3.9732899550476084,
        "y": -2.924455340547512,
        "z": -0.5060935199177239
      },
      "residual": {
        "x": {
          "mean": 1.2934537773521364,
          "std": 0.0562680978633903,
          "min": 1.0436024550476084,
          "max": 1.5318837050476084
        },
        "y": {
          "mean": 1.8291784875712946,
          "std": 0.04148420560715319,
          "min": 1.642717059297512,
          "max": 2.008927996797512
        },
        "z": {
          "mean": 0.0007521302107580199,
          "std": 0.031768574117056955,
          "min": -0.10425804258227611,
          "max": 0.07884742616772389
        }
      },
      "residual_mean_dps": {
        "x": 1.2934537773521364,
        "y": 1.8291784875712946,
        "z": 0.0007521302107580199
      },
      "residual_std_dps": {
        "x": 0.0562680978633903,
        "y": 0.04148420560715319,
        "z": 0.031768574117056955
      },
      "residual_slope_dps_h": {
        "x": -0.08024219243471964,
        "y": 0.04596572774861024,
        "z": -0.013310713436448426
      },
      "angle_final_deg": {
        "x": 2326.043910887419,
        "y": 3289.4483251342467,
        "z": 1.352229567296133
      },
      "angle_p2p_deg": {
        "x": 2326.043910887419,
        "y": 3289.4483251342467,
        "z": 2.3459030862778096
      },
      "sample_count": 89917,
      "sequence_gaps": 0,
      "sd_records_dropped": 0,
      "fifo_overrun": 0,
      "verdict": "FAIL: fixed +Z calibration leaves large X/Y residual bias"
    },
    "boot_120s_017": {
      "case": "boot_120s_017",
      "source": "Offline replay / first 120 s boot estimator",
      "test": "MPU6886_017",
      "eval_window": "plateau",
      "bias_dps": {
        "x": -3.3057641434760874,
        "y": -2.754149129441968,
        "z": -0.3283652757092568
      },
      "residual": {
        "x": {
          "mean": 0.6259279657806156,
          "std": 0.0562680978633903,
          "min": 0.3760766434760874,
          "max": 0.8643578934760874
        },
        "y": {
          "mean": 1.658872276465751,
          "std": 0.04148420560715319,
          "min": 1.4724108481919682,
          "max": 1.8386217856919682
        },
        "z": {
          "mean": -0.17697611399770913,
          "std": 0.031768574117056955,
          "min": -0.2819862867907432,
          "max": -0.09888081804074322
        }
      },
      "residual_mean_dps": {
        "x": 0.6259279657806156,
        "y": 1.658872276465751,
        "z": -0.17697611399770913
      },
      "residual_std_dps": {
        "x": 0.0562680978633903,
        "y": 0.04148420560715319,
        "z": 0.031768574117056955
      },
      "residual_slope_dps_h": {
        "x": -0.08024219243471124,
        "y": 0.045965727748612774,
        "z": -0.013310713436446001
      },
      "angle_final_deg": {
        "x": 1125.6188934222512,
        "y": 2983.1832595778774,
        "z": -318.26002655754695
      },
      "angle_p2p_deg": {
        "x": 1125.6188934222512,
        "y": 2983.1832595778774,
        "z": 318.26002655754695
      },
      "sample_count": 89917,
      "sequence_gaps": 0,
      "sd_records_dropped": 0,
      "fifo_overrun": 0,
      "verdict": "PARTIAL: boot estimate helps only if startup window is static and thermally representative"
    },
    "oracle_017": {
      "case": "oracle_017",
      "source": "Offline replay / oracle same-run plateau bias",
      "test": "MPU6886_017",
      "eval_window": "plateau",
      "bias_dps": {
        "x": -2.6798333696899896,
        "y": -1.0952955828702597,
        "z": -0.5053424211085155
      },
      "residual": {
        "x": {
          "mean": -2.8080054822928517e-06,
          "std": 0.0562680978633903,
          "min": -0.24985413031001036,
          "max": 0.23842711968998964
        },
        "y": {
          "mean": 1.872989404278732e-05,
          "std": 0.04148420560715319,
          "min": -0.18644269837974026,
          "max": 0.17976823912025974
        },
        "z": {
          "mean": 1.0314015495922634e-06,
          "std": 0.031768574117056955,
          "min": -0.10500914139148454,
          "max": 0.07809632735851546
        }
      },
      "residual_mean_dps": {
        "x": -2.8080054822928517e-06,
        "y": 1.872989404278732e-05,
        "z": 1.0314015495922634e-06
      },
      "residual_std_dps": {
        "x": 0.0562680978633903,
        "y": 0.04148420560715319,
        "z": 0.031768574117056955
      },
      "residual_slope_dps_h": {
        "x": -0.08024219243470289,
        "y": 0.04596572774863308,
        "z": -0.013310713436448417
      },