platform,sensor,run,mode,measurement_type,bias_strategy,mean_x_dps,mean_y_dps,mean_z_dps,std_x_dps,std_y_dps,std_z_dps,angle_final_x_deg,angle_final_y_deg,angle_final_z_deg,angle_p2p_x_deg,angle_p2p_y_deg,angle_p2p_z_deg,zaru_active_pct,sequence_gaps,estimated_drops,fifo_overrun,verdict
AtomS3R,BMI270,tel_148,ODR50 LPF20/22,Measured in firmware after pipeline/ZARU,Boot/static bias plus firmware ZARU,-2.465116942384485e-05,-1.5946662863662295e-05,5.5984027381631614e-06,0.006754719496988378,0.005829588683914506,0.006090303531537735,,,,,,,99.43810610382202,0,0,0,PASS: centered final gyro input; clean logging
AtomS3,MPU6886,MPU6886_017,ODR50 DLPF20/21.2,Offline replay / required estimator,Fixed calibration from MPU6886_014 applied to MPU6886_017,1.2934537773521364,1.8291784875712946,0.0007521302107580199,0.0562680978633903,0.04148420560715319,0.031768574117056955,2326.043910887419,3289.4483251342467,1.352229567296133,2326.043910887419,3289.4483251342467,2.3459030862778096,,0,0,0,FAIL: fixed +Z calibration leaves large X/Y residual bias
AtomS3,MPU6886,MPU6886_017,ODR50 DLPF20/21.2,Offline replay / required estimator,First 120 s of same boot applied to plateau,0.6259279657806156,1.658872276465751,-0.17697611399770913,0.0562680978633903,0.04148420560715319,0.031768574117056955,1125.6188934222512,2983.1832595778774,-318.26002655754695,1125.6188934222512,2983.1832595778774,318.26002655754695,,0,0,0,PARTIAL: boot estimate helps only if startup window is static and thermally representative
AtomS3,MPU6886,MPU6886_017,ODR50 DLPF20/21.2,Offline replay / oracle bound,Same-run plateau bias subtracted,-2.8080054822928517e-06,1.872989404278732e-05,1.0314015495922634e-06,0.0562680978633903,0.04148420560715319,0.031768574117056955,-0.004935692095697074,0.033749706392684695,0.0015135567249339541,10.65553164996233,6.0049160430648705,1.6294916296441249,,0,0,0,BOUND: centers plateau but requires runtime bias estimation
