{
  "bmi_raw": {
    "test_count": 9,
    "gyro_std_mean_dps": 0.9012277777777776,
    "gyro_std_range_dps": [
      0.89717,
      0.90404
    ],
    "gyro_arw_mean_dps_sqrt_hz": 0.18048111111111112,
    "gyro_psd_floor_mean_dps_sqrt_hz": 0.17981377777777777,
    "gyro_white_axes_total": 27,
    "gyro_white_axes_possible": 27,
    "accel_std_mean_mg": 3.977622222222222,
    "accel_white_axes_total": 27
  },
  "mpu6886_raw": {
    "test_count": 6,
    "gyro_psd_floor_mean_by_axis_dps_sqrt_hz": {
      "x": 0.02118238998879381,
      "y": 0.017579811699348424,
      "z": 0.011968948851067905
    },
    "gyro_psd_slope_range_by_axis": {
      "x": [
        -0.011613483079146454,
        0.0023980862978404357
      ],
      "y": [
        -0.012631635950093766,
        0.06781364620509586
      ],
      "z": [
        -0.00844547273309639,
        0.00557871558609643
      ]
    },
    "gyro_psd_flatness_mean_by_axis": {
      "x": 0.9976791595726517,
      "y": 0.9964808302839264,
      "z": 0.9978219060276187
    },
    "gyro_white_axes_total": 18,
    "gyro_white_axes_possible": 18,
    "gyro_std_avg_dps": {
      "x": 0.12075155609410122,
      "y": 0.10446042316215776,
      "z": 0.06046906495699214
    },
    "gyro_std_range_dps": {
      "x": [
        0.08303073002882551,
        0.1836078264207615
      ],
      "y": [
        0.07189747730594356,
        0.20018849691819185
      ],
      "z": [
        0.05762683725208791,
        0.06667337980855392
      ]
    },
    "acc_std_avg_mg": {
      "x": 1.8299978825110432,
      "y": 1.6597612351984925,
      "z": 1.9905861130017568
    }
  },
  "mpu6886_repeatability_plusZ": {
    "comparison_set": [
      "MPU6886_001",
      "MPU6886_012",
      "MPU6886_013"
    ],
    "all_orientations": [
      "+Z",
      "+Z",
      "+Z"
    ],
    "repeat_mean_012_013_dps": {
      "x": -2.9142770445612944,
      "y": -1.8943319728224943,
      "z": -0.5101836139207547
    },
    "repeat_range_012_013_dps": {
      "x": [
        -2.9795262881500753,
        -2.8490278009725136
      ],
      "y": [
        -2.318242598465789,
        -1.4704213471791994
      ],
      "z": [
        -0.546983847943581,
        -0.47338337989792834
      ]
    },
    "delta_012_vs_001_dps": {
      "x": 2.242726609042818,
      "y": 1.3272803014769672,
      "z": 0.24458274183789985
    },
    "delta_013_vs_001_dps": {
      "x": 2.1122281218652565,
      "y": 0.4794590501903775,
      "z": 0.31818320988355253
    },
    "delta_013_vs_012_dps": {
      "x": -0.13049848717756163,
      "y": -0.8478212512865897,
      "z": 0.07360046804565268
    },
    "acc_delta_013_vs_012_g": {
      "x": -0.0004771802299811112,
      "y": 0.0009315497988187805,
      "z": -0.0007705170525442728
    },
    "acc_delta_vs_001_g": {
      "MPU6886_012": {
        "x": -0.001343314789176174,
        "y": 0.005418591515679715,
        "z": 0.0016325722636947315
      },
      "MPU6886_013": {
        "x": -0.0018204950191572852,
        "y": 0.006350141314498495,
        "z": 0.0008620552111504587
      }
    },
    "sixface_mean_range_dps": {
      "x": [
        -5.091754410015332,
        -2.517281300915558
      ],
      "y": [
        -3.216468265732757,
        -1.5466903787195596
      ],
      "z": [
        -0.7915665897814809,
        -0.4149402792403638
      ]
    },
    "sixface_std_avg_dps": {
      "x": 0.12075155609410122,
      "y": 0.10446042316215771,
      "z": 0.060469064956992113
    }
  }
}