{
  "name": "MPU6886_003",
  "csv": "C:\\Users\\1305n\\Desktop\\esp32-telemetry-clean\\tools\\script\\bias-reports\\MPU6886_003.csv",
  "rows": 358000,
  "duration_s": 7159.979999,
  "duration_h": 1.9888833330555555,
  "fs_mean_hz": 50.00000000698326,
  "plateau_detector": {
    "method": "earliest post-warmup tail segment with remaining temp span <= threshold",
    "min_start_s": 600.0,
    "min_duration_s": 1800.0,
    "max_temp_span_c": 0.7
  },
  "plateau": {
    "start_s": 3998.979999,
    "end_s": 7159.979999,
    "duration_s": 3161.0,
    "duration_min": 52.68333333333333,
    "temp_c": {
      "mean": 38.49502459840772,
      "std": 0.1493551265517347,
      "min": 38.11505507955936,
      "max": 38.80354957160343,
      "p05": 38.24051407588739,
      "p95": 38.68115055079559
    },
    "temp_span_c": 0.6884944920440716
  },
  "orientation": {
    "dominant_accel_axis": "x",
    "dominant_accel_sign": "+",
    "dominant_accel_value_g": 1.0046525710426342
  },
  "accel_g": {
    "x": {
      "mean": 1.0046525710426342,
      "std": 0.0016338929412719663,
      "min": 0.993896484375,
      "max": 1.017578125,
      "p05": 1.001953125,
      "p95": 1.00732421875
    },
    "y": {
      "mean": -0.0019190289422994793,
      "std": 0.0015731355834528236,
      "min": -0.008544921875,
      "max": 0.005126953125,
      "p05": -0.00439453125,
      "p95": 0.000732421875
    },
    "z": {
      "mean": -0.019096751948342625,
      "std": 0.00148574785871433,
      "min": -0.026123046875,
      "max": -0.01220703125,
      "p05": -0.021484375,
      "p95": -0.0166015625
    }
  },
  "gyro_dps": {
    "x": {
      "mean": -4.0418394851088415,
      "std": 0.10118534527396601,
      "min": -4.8828125,
      "max": -3.2958984375,
      "p05": -4.21142578125,
      "p95": -3.90625
    },
    "y": {
      "mean": -2.9364432245663585,
      "std": 0.08543758615951898,
      "min": -3.5400390625,
      "max": -2.50244140625,
      "p05": -3.0517578125,
      "p95": -2.8076171875
    },
    "z": {
      "mean": -0.41494027924036386,
      "std": 0.05762683725208791,
      "min": -0.67138671875,
      "max": -0.18310546875,
      "p05": -0.48828125,
      "p95": -0.30517578125
    }
  },
  "gyro_slope_dps_per_h": {
    "x": 0.030587525216019817,
    "y": 0.03727165629502467,
    "z": -0.00028455549974703567
  },
  "gyro_half_delta_dps": {
    "x": 0.01951893993691023,
    "y": 0.023079376844943766,
    "z": 0.00024699551646334417
  },
  "gyro_residual_after_plateau_mean_dps": {
    "x": {
      "mean": 5.178994322058294e-17,
      "std": 0.10118534527396601,
      "min": -0.8409730148911585,
      "max": 0.7459410476088415,
      "p05": -0.1695862961411585,
      "p95": 0.1355894851088415
    },
    "y": {
      "mean": 2.0644046811537922e-16,
      "std": 0.08543758615951898,
      "min": -0.6035958379336415,
      "max": 0.43400181831635853,
      "p05": -0.11531458793364147,
      "p95": 0.12882603706635853
    },
    "z": {
      "mean": -7.372873861263543e-18,
      "std": 0.05762683725208791,
      "min": -0.25644643950963614,
      "max": 0.23183481049036386,
      "p05": -0.07334097075963614,
      "p95": 0.10976449799036386
    }
  },
  "decimation_counter_counts_plateau": {
    "19": 5984,
    "20": 152050,
    "21": 17
  },
  "diagnostics": {
    "input": "C:\\Users\\1305n\\Desktop\\esp32-telemetry-clean\\tools\\script\\bias-reports\\MPU6886_003.BIN",
    "csv": "C:\\Users\\1305n\\Desktop\\esp32-telemetry-clean\\tools\\script\\bias-reports\\MPU6886_003.csv",
    "file_size": 91648256,
    "header_ok": true,
    "header_crc_ok": true,
    "record_size": 256,
    "payload_bytes": 91648000,
    "payload_mod_record_size": 0,
    "records_valid": 358000,
    "records_crc_bad": 0,
    "resync_count": 0,
    "stray_bytes": 0,
    "seq_gaps": 0,
    "seq_drop_estimate": 0,
    "timestamp_nonmonotonic": 0,
    "timestamp_gap_drop_estimate": 0,
    "timestamp_dt_min_us": 19996,
    "timestamp_dt_max_us": 20004,
    "timestamp_dt_mean_us": 19999.999997206694,
    "timestamp_jitter_rms_us": 0.12470093330149823,
    "sample_fresh_false": 0,
    "fifo_overrun_records": 0,
    "fifo_overrun_counter_final": 0,
    "sd_records_written_final": 358000,
    "sd_records_dropped_final": 0,
    "sd_partial_write_count_final": 0,
    "sd_stall_count_final": 0,
    "sd_reopen_count_final": 0,
    "sd_flush_worst_us_final": 65001,
    "sd_queue_high_watermark_final": 3,
    "read_error_count_final": 0,
    "duration_s": 7159.979999,
    "fs_mean_hz": 50.00000000698326,
    "read_error_count_csv_final": 0,
    "sd_records_dropped_csv_final": 0,
    "sd_partial_write_count_csv_final": 0,
    "sd_stall_count_csv_final": 0,
    "sd_reopen_count_csv_final": 0,
    "sd_flush_worst_us_csv_final": 65001,
    "sd_queue_high_watermark_csv_final": 3,
    "fifo_overrun_count_csv_final": 0,
    "sample_fresh_false_csv": 0,
    "fifo_overrun_records_csv": 0
  }
}