{
  "test": "MPU6886_015",
  "mode": "MPU6886 ODR50 DLPF_CFG=4 gyro BW 20 Hz noise BW 30.5 Hz; A_DLPF_CFG=4 accel BW 21.2 Hz noise BW 31.0 Hz",
  "rows": 358250,
  "duration_h": 1.9902722219444444,
  "fs_mean_hz": 50.00000000697838,
  "plateau": {
    "start_s": 1208.523473,
    "end_s": 7166.623473,
    "duration_min": 99.30166666666666,
    "temp_mean_c": 37.905855885093864,
    "temp_span_c": 0.6976744186046488
  },
  "orientation": {
    "face": "+X",
    "axis": "x",
    "value_g": 1.0048083228355797
  },
  "accel_g": {
    "x": {
      "mean": 1.0048083228355797,
      "std": 0.000622759441346383,
      "min": 0.99853515625,
      "max": 1.01611328125,
      "p05": 1.00390625,
      "p95": 1.005859375
    },
    "y": {
      "mean": -0.0010494876962552785,
      "std": 0.0005772073919186199,
      "min": -0.007080078125,
      "max": 0.004638671875,
      "p05": -0.001953125,
      "p95": 0.0
    },
    "z": {
      "mean": -0.015857055948436755,
      "std": 0.0005615962351466421,
      "min": -0.018310546875,
      "max": -0.010986328125,
      "p05": -0.016845703125,
      "p95": -0.014892578125
    }
  },
  "gyro_dps": {
    "x": {
      "mean": -3.786141009362538,
      "std": 0.08462022681554368,
      "min": -4.2724609375,
      "max": -3.35693359375,
      "p05": -3.90625,
      "p95": -3.662109375
    },
    "y": {
      "mean": -3.0649863373823245,
      "std": 0.058800374340980066,
      "min": -3.47900390625,
      "max": -2.74658203125,
      "p05": -3.173828125,
      "p95": -2.99072265625
    },
    "z": {
      "mean": -0.6800017425667618,
      "std": 0.029700976415463428,
      "min": -0.79345703125,
      "max": -0.54931640625,
      "p05": -0.732421875,
      "p95": -0.6103515625
    }
  },
  "gyro_slope_dps_h": {
    "x": -0.12507074390724515,
    "y": -0.053442843950993926,
    "z": -0.010937983582021912
  },
  "gyro_half_delta_dps": {
    "x": -0.10990245441829805,
    "y": -0.05296941728787763,
    "z": -0.008503773657840052
  },
  "gyro_residual_after_plateau_bias_dps": {
    "x": {
      "std": 0.08462022681554368,
      "min": -0.48631992813746194,
      "max": 0.42920741561253806,
      "p01": -0.18114414688746194,
      "p05": -0.12010899063746194,
      "p95": 0.12403163436253806,
      "p99": 0.18506679061253806
    },
    "y": {
      "std": 0.058800374340980066,
      "min": -0.4140175688676755,
      "max": 0.3184043061323245,
      "p01": -0.10884178761767549,
      "p05": -0.10884178761767549,
      "p95": 0.07426368113232451,
      "p99": 0.1352988373823245
    },
    "z": {
      "std": 0.029700976415463428,
      "min": -0.11345528868323818,
      "max": 0.13068533631676182,
      "p01": -0.052420132433238176,
      "p05": -0.052420132433238176,
      "p95": 0.06965018006676182,
      "p99": 0.06965018006676182
    }
  },
  "gyro_residual_60s_window_mean_dps": {
    "x": {
      "n": 99,
      "min": -0.07785231746037861,
      "max": 0.09113368514378806,
      "span": 0.16898600260416669,
      "std": 0.06174500989757008,
      "p95_abs": 0.08888555688857973,
      "values": [
        0.08993332707087139,
        0.08606776717503806,
        0.08966884139378806,
        0.08887538436253806,
        0.08897710962295473,
        0.08852951847712139,
        0.09113368514378806,
        0.08899745467503806,
        0.08671880884170473,
        0.08494878931045473,
        0.08472499373753806,
        0.08159185571670473,
        0.07976080102920473,
        0.07910975936253806,
        0.08098150415420473,
        0.07500005884170473,
        0.07752284530003806,
        0.07939459009170473,
        0.07715663436253806,
        0.07565110050837139,
        0.07597662134170473,
        0.07443039738337139,
        0.07329107446670473,
        0.07082932316462139,
        0.07087001326878806,
        0.07148036483128806,
        0.06814377628962139,
        0.06684169295628806,
        0.06466477238337139,
        0.06706548852920473,
        0.06822515649795473,
        0.06586513045628806,
        0.05707606795628806,
        0.05105393253962139,
        0.04356695337295472,
        0.03512375675837139,
        0.024849505456288057,
        0.014453183841704723,
        0.010994524987538057,
        0.006640683841704724,
        0.0027954689979547234,
        0.002266497643788057,
        0.0014730406125380568,
        0.0008423439979547235,
        0.002632708581288057,
        -0.004081158606211943,
        -0.00631911433537861,
        -0.00930983699162861,
        -0.010632265377045277,
        -0.012137799231211943,
        -0.011914003658295277,
        -0.01840407527287861,
        -0.019970644283295275,
        -0.024222760168711943,
        -0.027884869543711943,
        -0.02810866511662861,
        -0.028129010168711943,
        -0.029776959387461943,
        -0.030895937252045275,
        -0.03734531876246194,
        -0.04064121719996194,
        -0.04259434219996194,
        -0.04861647761662861,
        -0.04589024063746194,
        -0.04645990209579528,
        -0.04816888647079528,
        -0.04855544246037861,
        -0.04735508438746194,
        -0.05463861303329528,
        -0.05856520808537861,
        -0.05925693985621194,
        -0.06275628881454527,
        -0.06153558568954528,
        -0.06051833308537861,
        -0.06125075496037861,
        -0.06271559871037861,
        -0.06320387996037861,
        -0.06711012996037861,
        -0.06631667292912861,
        -0.06841221329371194,
        -0.06820876277287861,
        -0.06814772761662861,
        -0.06965326147079527,
        -0.06833083308537861,
        -0.06936843074162861,
        -0.07075189428329527,
        -0.06656081355412861,
        -0.06617425756454527,
        -0.06875807917912861,
        -0.06623529272079527,
        -0.06936843074162861,
        -0.06776117162704527,
        -0.06983636693954527,
        -0.07034499324162861,
        -0.07353916641871194,
        -0.06989740209579527,
        -0.07164707657496194,
        -0.07673333959579527,
        -0.07785231746037861
      ]
    },
    "y": {
      "n": 99,
      "min": -0.049942861836425496,
      "max": 0.060286630351074504,
      "span": 0.1102294921875,
      "std": 0.03041707421731104,
      "p95_abs": 0.048723689046484595,