{
  "test": "MPU6886_017",
  "mode": "MPU6886 ODR50 DLPF_CFG=4 gyro BW 20 Hz noise BW 30.5 Hz; A_DLPF_CFG=4 accel BW 21.2 Hz noise BW 31.0 Hz",
  "rows": 358000,
  "duration_h": 1.9888833333333331,
  "fs_mean_hz": 50.0,
  "plateau": {
    "start_s": 5361.652474,
    "end_s": 7161.652474,
    "duration_min": 30.0,
    "temp_mean_c": 36.808673498079045,
    "temp_span_c": 0.9302325581395365
  },
  "orientation": {
    "face": "+Z",
    "axis": "z",
    "value_g": 1.0102811791674537
  },
  "accel_g": {
    "x": {
      "mean": 0.03328666085567799,
      "std": 0.0005872517262810995,
      "min": 0.03076171875,
      "max": 0.03564453125,
      "p05": 0.0322265625,
      "p95": 0.0341796875
    },
    "y": {
      "mean": -0.014636908765249831,
      "std": 0.0005768618762321821,
      "min": -0.01708984375,
      "max": -0.01220703125,
      "p05": -0.015625,
      "p95": -0.013671875
    },
    "z": {
      "mean": 1.0102811791674537,
      "std": 0.0005722787189211626,
      "min": 1.00732421875,
      "max": 1.012451171875,
      "p05": 1.00927734375,
      "p95": 1.01123046875
    }
  },
  "gyro_dps": {
    "x": {
      "mean": -2.6798333696899896,
      "std": 0.056261457918646465,
      "min": -2.9296875,
      "max": -2.44140625,
      "p05": -2.74658203125,
      "p95": -2.5634765625
    },
    "y": {
      "mean": -1.0952955828702597,
      "std": 0.04148491999623862,
      "min": -1.28173828125,
      "max": -0.91552734375,
      "p05": -1.15966796875,
      "p95": -1.03759765625
    },
    "z": {
      "mean": -0.5053424211085155,
      "std": 0.03176929135177485,
      "min": -0.6103515625,
      "max": -0.42724609375,
      "p05": -0.54931640625,
      "p95": -0.48828125
    }
  },
  "gyro_slope_dps_h": {
    "x": -0.08005139301527399,
    "y": 0.046061758324919766,
    "z": -0.01326110038620499
  },
  "gyro_half_delta_dps": {
    "x": -0.023186447033430202,
    "y": 0.011695488165222478,
    "z": -0.00350164358809002
  },
  "gyro_residual_after_plateau_bias_dps": {
    "x": {
      "std": 0.056261457918646465,
      "min": -0.24985413031001036,
      "max": 0.23842711968998964,
      "p01": -0.12778381781001036,
      "p05": -0.06674866156001036,
      "p95": 0.11635680718998964,
      "p99": 0.11635680718998964
    },
    "y": {
      "std": 0.04148491999623862,
      "min": -0.18644269837974026,
      "max": 0.17976823912025974,
      "p01": -0.06437238587974026,
      "p05": -0.06437238587974026,
      "p95": 0.05769792662025974,
      "p99": 0.11873308287025974
    },
    "z": {
      "std": 0.03176929135177485,
      "min": -0.10500914139148454,
      "max": 0.07809632735851546,
      "p01": -0.04397398514148454,
      "p05": -0.04397398514148454,
      "p95": 0.01706117110851546,
      "p99": 0.07809632735851546
    }
  },
  "gyro_residual_60s_window_mean_dps": {
    "x": {
      "n": 30,
      "min": -0.015418095153760357,
      "max": 0.019148148335822977,
      "span": 0.034566243489583336,
      "std": 0.013022024914965383,
      "p95_abs": 0.01837707086186464,
      "values": [
        0.01343118870040631,
        0.01595397515873964,
        0.01764261448165631,
        0.01656432672123964,
        0.01813089573165631,
        0.019148148335822977,
        0.017866410054572977,
        0.01857848687748964,
        0.01601501031498964,
        0.009362178283739642,
        0.006574906148322975,
        0.002851761617072975,
        0.004703161356656309,
        -0.001725875101677025,
        -0.0011969037475103583,
        -0.005591434997510358,
        -0.008846643330843692,
        -0.010840458435010357,
        -0.014624638122510357,
        -0.013526005310010357,
        -0.015418095153760357,
        -0.013098759216260357,
        -0.013078414164177024,
        -0.01287496364334369,
        -0.013342899841260357,
        -0.013322554789177024,
        -0.011186324320427024,
        -0.009151819112093692,
        -0.009985966247510358,
        -0.009009403747510358
      ]
    },
    "y": {
      "n": 30,
      "min": -0.013835276504740257,
      "max": 0.014078134953593077,
      "span": 0.027913411458333336,
      "std": 0.00795221904019573,
      "p95_abs": 0.013779767884849026,
      "values": [
        -0.013835276504740257,
        -0.00561587546307359,
        -0.00457827780682359,
        -0.00433413718182359,
        -0.0006313377026569237,
        -0.00421206686932359,
        -0.004659658015156924,
        -0.0014654848380735903,
        -0.00506655905682359,
        -0.008382802546406923,
        -0.010824208796406923,
        -0.010315582494323591,
        -0.004069651504740257,
        -0.004476552546406924,
        -0.00524966452557359,
        -0.005086904108906924,
        -0.0026861879630735905,
        -0.0007330629630735904,
        -0.0033168845776569236,
        0.0018100685473430762,
        0.003071461776509743,
        0.006265634953593076,
        0.008178069849426409,
        0.005207692245259743,
        0.008869801620259743,
        0.013711924016093077,
        0.012328460474426409,
        0.014078134953593077,
        0.012837086776509743,
        0.013162607609843077
      ]
    },
    "z": {
      "n": 30,
      "min": -0.0055828718602345395,
      "max": 0.008658664598098794,
      "span": 0.014241536458333334,
      "std": 0.0028586394728497516,
      "p95_abs": 0.004887071078984535,
      "values": [
        0.002209283087682127,
        0.003328260952265461,
        0.0016599666814321272,
        0.0005002987126821271,
        0.0018634172022654605,
        0.0030027401189321274,
        0.0039793026189321274,
        0.008658664598098794,
        0.0013751359522654605,
        -8.327589401206184e-06,
        -0.0008628197769012061,
        -0.00023212316231787286,
        7.305261893212715e-05,
        -8.970779773453952e-05,
        0.0008054744939321271,
        -0.0007204044123178729,
        -0.0008424747248178729,
        0.0005816789210154605,
        -0.002632839308151206,
        -0.002490423943567873,
        -0.003365261183151206,
        -0.0027955997248178726,
        0.0016192765772654605,
        0.0010496151189321272,
        0.0010292700668487937,
        -0.0055828718602345395,
        -0.004036647901901206,
        -0.0012493757664845395,
        -0.0029787051935678726,
        -0.003853542433151206
      ]
    }
  },
  "gyro_residual_10min_window_mean_dps": {
    "x": {
      "n": 3,
      "min": -0.012046920023552024,
      "max": 0.01626932346603131,
      "span": 0.028316243489583334,
      "std": 0.014622692136478994,
      "p95_abs": 0.01584708312178338,
      "values": [
        0.01626932346603131,
        -0.004222212992302025,
        -0.012046920023552024
      ]
    },
    "y": {
      "n": 3,
      "min": -0.005278147598490258,
      "max": 0.009771087427551409,
      "span": 0.015049235026041666,
      "std": 0.008471622766113582,
      "p95_abs": 0.009321793444645293,
      "values": [
        -0.005278147598490258,
        -0.004494863093281923,
        0.009771087427551409
      ]
    },
    "z": {
      "n": 3,
      "min": -0.0020163842300262064,
      "max": 0.00265687423351546,
      "span": 0.0046732584635416664,
      "std": 0.002401639254409376,
      "p95_abs": 0.0025928252331665347,
      "values": [
        0.00265687423351546,
        -0.000641058709192873,
        -0.0020163842300262064
      ]
    }
  },
  "gyro_psd": {
    "x": {
      "floor_dps_sqrtHz": 0.011400618263106456,
      "slope": -0.04763856493789179,
      "flatness": 0.9758610285864234,
      "rating": "WHITE"
    },
    "y": {
      "floor_dps_sqrtHz": 0.008446475840866644,
      "slope": -0.038751114117444474,
      "flatness": 0.9741357939073135,
      "rating": "WHITE"
    },
    "z": {
      "floor_dps_sqrtHz": 0.006501017136601582,
      "slope": -0.03170487090507668,
      "flatness": 0.9742234931672448,
      "rating": "WHITE"
    }
  },
  "diagnostics": {
    "crc_bad": 0,
    "resync_count": 0,
    "seq_gaps": 0,
    "timestamp_gap_drop_estimate": 0,