{
  "test": "MPU6886_016",
  "mode": "MPU6886 ODR50 DLPF_CFG=4 gyro BW 20 Hz noise BW 30.5 Hz; A_DLPF_CFG=4 accel BW 21.2 Hz noise BW 31.0 Hz",
  "rows": 358250,
  "duration_h": 1.990272222222222,
  "fs_mean_hz": 50.0,
  "plateau": {
    "start_s": 4577.664474,
    "end_s": 7166.644474,
    "duration_min": 43.14966666666666,
    "temp_mean_c": 36.65281475198952,
    "temp_span_c": 0.6946144430844612
  },
  "orientation": {
    "face": "-Y",
    "axis": "y",
    "value_g": -1.008016625703095
  },
  "accel_g": {
    "x": {
      "mean": -0.013344362567593665,
      "std": 0.0006055139676558263,
      "min": -0.015869140625,
      "max": -0.00927734375,
      "p05": -0.014404296875,
      "p95": -0.012451171875
    },
    "y": {
      "mean": -1.008016625703095,
      "std": 0.0005750128818428834,
      "min": -1.01318359375,
      "max": -1.00439453125,
      "p05": -1.009033203125,
      "p95": -1.007080078125
    },
    "z": {
      "mean": -0.027971345113943606,
      "std": 0.0007328705215323726,
      "min": -0.0419921875,
      "max": -0.01953125,
      "p05": -0.029052734375,
      "p95": -0.02685546875
    }
  },
  "gyro_dps": {
    "x": {
      "mean": -3.499897779668791,
      "std": 0.058967303639061164,
      "min": -3.7841796875,
      "max": -3.23486328125,
      "p05": -3.60107421875,
      "p95": -3.41796875
    },
    "y": {
      "mean": -1.9682378610527713,
      "std": 0.04352154674785375,
      "min": -2.13623046875,
      "max": -1.77001953125,
      "p05": -2.01416015625,
      "p95": -1.89208984375
    },
    "z": {
      "mean": -0.7852105663383546,
      "std": 0.030744316752990896,
      "min": -0.91552734375,
      "max": -0.67138671875,
      "p05": -0.8544921875,
      "p95": -0.732421875
    }
  },
  "gyro_slope_dps_h": {
    "x": 0.1102883158360665,
    "y": -0.0065123142971439734,
    "z": 0.011908231083173246
  },
  "gyro_half_delta_dps": {
    "x": 0.03647870196021641,
    "y": -0.0012815261080532103,
    "z": 0.004626318679992303
  },
  "gyro_residual_after_plateau_bias_dps": {
    "x": {
      "std": 0.05896730363906116,
      "min": -0.2842819078312089,
      "max": 0.2650344984187911,
      "p01": -0.10117643908120888,
      "p05": -0.10117643908120888,
      "p95": 0.08192902966879112,
      "p99": 0.14296418591879112
    },
    "y": {
      "std": 0.04352154674785375,
      "min": -0.16799260769722868,
      "max": 0.19821832980277132,
      "p01": -0.10695745144722868,
      "p05": -0.04592229519722868,
      "p95": 0.07614801730277132,
      "p99": 0.07614801730277132
    },
    "z": {
      "std": 0.0307443167529909,
      "min": -0.13031677741164538,
      "max": 0.11382384758835462,
      "p01": -0.06928162116164538,
      "p05": -0.06928162116164538,
      "p95": 0.05278869133835462,
      "p99": 0.05278869133835462
    }
  },
  "gyro_residual_60s_window_mean_dps": {
    "x": {
      "n": 43,
      "min": -0.04581755236245887,
      "max": 0.04150341117920779,
      "span": 0.08732096354166666,
      "std": 0.02371683901554024,
      "p95_abs": 0.040824777567050434,
      "values": [
        -0.04581755236245887,
        -0.03875781928954221,
        -0.04087370470620888,
        -0.03515674507079221,
        -0.03619434272704221,
        -0.03483122423745888,
        -0.03086393908120888,
        -0.027120449497875544,
        -0.02189177111245888,
        -0.01951140001870888,
        -0.01060026720620888,
        -0.008728522414542214,
        -4.950707922131888e-07,
        -0.0020756903832922133,
        -0.006775397414542213,
        -0.00510710314370888,
        -0.0035608791853755464,
        -0.0025843166853755464,
        -0.00791472033120888,
        -0.008382656529125546,
        -0.004333991164542213,
        -0.004476406529125547,
        -0.00333708361245888,
        0.0009150322729577868,
        -2.0840122875546523e-05,
        0.00240022107504112,
        0.005614739304207787,
        0.00703889295004112,
        0.005492668991707787,
        0.00807649060629112,
        0.012593092168791122,
        0.013203443731291122,
        0.014912428106291122,
        0.019347649460457788,
        0.023559075241707788,
        0.028258782272957788,
        0.03108674451254112,
        0.028991204147957788,
        0.03289745414795779,
        0.03692577446045779,
        0.03881786430420779,
        0.040384433314624456,
        0.04150341117920779
      ]
    },
    "y": {
      "n": 43,
      "min": -0.01485540066597868,
      "max": 0.015011135792354652,
      "span": 0.029866536458333332,
      "std": 0.006753206852884038,
      "p95_abs": 0.013857790584866277,
      "values": [
        0.0060186227715213194,
        -0.0006342092597286797,
        -0.0016514618638953464,
        -0.00924016629097868,
        -0.01064397488472868,
        -0.007063245718062014,
        -0.004398043895145347,
        0.0055303415215213194,
        0.011064195688187986,
        0.015011135792354652,
        0.013668362354854652,
        0.010677639698604652,
        0.00809381808402132,
        0.005204820688187987,
        -0.0005324839993120131,
        -0.0020990530097286797,
        -0.0016107717597286797,
        -0.0017328420722286797,
        -0.01009465847847868,
        -0.008955335561812014,
        -0.0019566376451453462,
        -0.0025669892076453462,
        -0.0001459280097286797,
        0.00455377902152132,
        0.0027227243340213203,
        -0.0013666311347286797,
        -0.0033604462388953462,
        -0.0027500946763953462,
        -0.0025262991034786797,
        -6.454780139534637e-05,
        0.0069951852715213194,
        0.006466213917354653,
        0.0023768584486046538,
        0.005448961313187986,
        0.002336168344437987,
        0.0014409860527713203,
        0.0015630563652713203,
        -0.000471448843062013,
        0.002214098031937987,
        -0.0008783498847286797,
        -0.004825289988895347,
        -0.01485540066597868,
        -0.01387883816597868
      ]
    },
    "z": {
      "n": 43,
      "min": -0.00824646491164538,
      "max": 0.010084427015437955,
      "span": 0.018330891927083336,
      "std": 0.004885871560756014,
      "p95_abs": 0.008242395901228713,
      "values": [
        -0.00824646491164538,
        0.002617792900854621,
        0.004489537692521288,
        0.006137486911271288,
        -0.0021632943387287127,
        -0.005011601630395379,
        -0.005601608140812046,
        -0.008205774807478713,
        -0.007534388088728712,
        -0.006679895901228712,
        -0.006801966213728712,
        -0.004808151109562046,
        -0.002631230536645379,
        -0.0020412240262287127,
        -0.004279179755395379,
        0.0003594921196046208,
        0.0014377798800212875,
        -0.001329147203312046,
        -0.0036891732449787127,
        -0.003668828192895379,
        0.003777460869604621,
        0.006727493421687954,
        0.005120234307104621,
        0.007154739515437954,
        0.003350214775854621,
        -0.002448125067895379,
        -0.0035671029324787127,
        -0.0006374154324787126,
        -0.002509160224145379,
        -0.0011867318387287125,
        -0.003953658922062046,
        -0.0004136198595620459,
        -0.0026719206408120457,
        0.0006239777966879542,
        0.010084427015437955,
        0.00957580071335462,
        0.002861933525854621,
        0.0025160676404379543,
        0.0031467642550212873,
        0.0037571158175212873,
        0.004306432223771288,
        0.006869908786271288,
        0.003777460869604621
      ]
    }
  },
  "gyro_residual_10min_window_mean_dps": {
    "x": {
      "n": 4,
      "min": -0.03310189481037555,
      "max": 0.024177564825041117,
      "span": 0.05727945963541667,
      "std": 0.02361961631372176,
      "p95_abs": 0.031763245312575385,
      "values": [
        -0.03310189481037555,
        -0.005573004836417213,
        0.0017369723771244537,
        0.024177564825041117
      ]
    },
    "y": {
      "n": 4,
      "min": -0.000746107046187013,