{
  "test": "MPU6886_001",
  "rows": 358000,
  "duration_h": 1.9888833330555555,
  "fs_mean_hz": 50.00000000698326,
  "plateau_start_s": 1174.139999,
  "plateau_end_s": 7159.979999,
  "plateau_min": 99.764,
  "temp_mean_c": 37.70222487323155,
  "temp_span_c": 0.6946144430844541,
  "orientation": "+Z",
  "orientation_axis": "z",
  "orientation_value_g": 1.009684536277212,
  "acc": {
    "x": {
      "mean": 0.033941034253536666,
      "std": 0.0016454779512104557,
      "min": 0.025634765625,
      "max": 0.042236328125,
      "p05": 0.03125,
      "p95": 0.03662109375
    },
    "y": {
      "mean": -0.017380379520183818,
      "std": 0.0015797249381661093,
      "min": -0.026611328125,
      "max": -0.008056640625,
      "p05": -0.02001953125,
      "p95": -0.014892578125
    },
    "z": {
      "mean": 1.009684536277212,
      "std": 0.0015064777967309646,
      "min": 0.997802734375,
      "max": 1.033203125,
      "p05": 1.00732421875,
      "p95": 1.01220703125
    }
  },
  "gyro": {
    "x": {
      "mean": -5.091754410015332,
      "std": 0.1298569175453298,
      "min": -5.7373046875,
      "max": -4.39453125,
      "p05": -5.31005859375,
      "p95": -4.8828125
    },
    "y": {
      "mean": -2.7977016486561666,
      "std": 0.08930654158650136,
      "min": -3.173828125,
      "max": -2.44140625,
      "p05": -2.9296875,
      "p95": -2.685546875
    },
    "z": {
      "mean": -0.7915665897814809,
      "std": 0.05782689500767122,
      "min": -1.03759765625,
      "max": -0.54931640625,
      "p05": -0.8544921875,
      "p95": -0.67138671875
    }
  },
  "gyro_slope_dps_h": {
    "x": 0.19788285354079693,
    "y": 0.10989212783026461,
    "z": 0.0008846299132808955
  },
  "gyro_half_delta_dps": {
    "x": 0.1620528123830134,
    "y": 0.10057549848896707,
    "z": 0.001225205527263129
  },
  "diagnostics": {
    "input": "C:\\Users\\1305n\\Desktop\\esp32-telemetry-clean\\tools\\script\\bias-reports\\MPU6886_001.BIN",
    "csv": "C:\\Users\\1305n\\Desktop\\esp32-telemetry-clean\\tools\\script\\bias-reports\\MPU6886_001.csv",
    "file_size": 91648256,
    "header_ok": true,
    "header_crc_ok": true,
    "record_size": 256,
    "payload_bytes": 91648000,
    "payload_mod_record_size": 0,
    "records_valid": 358000,
    "records_crc_bad": 0,
    "resync_count": 0,
    "stray_bytes": 0,
    "seq_gaps": 0,
    "seq_drop_estimate": 0,
    "timestamp_nonmonotonic": 0,
    "timestamp_gap_drop_estimate": 0,
    "timestamp_dt_min_us": 19998,
    "timestamp_dt_max_us": 20002,
    "timestamp_dt_mean_us": 19999.999997206694,
    "timestamp_jitter_rms_us": 0.19036158065574177,
    "sample_fresh_false": 0,
    "fifo_overrun_records": 0,
    "fifo_overrun_counter_final": 0,
    "sd_records_written_final": 358000,
    "sd_records_dropped_final": 0,
    "sd_partial_write_count_final": 0,
    "sd_stall_count_final": 0,
    "sd_reopen_count_final": 0,
    "sd_flush_worst_us_final": 47516,
    "sd_queue_high_watermark_final": 3,
    "read_error_count_final": 0,
    "duration_s": 7159.979999,
    "fs_mean_hz": 50.00000000698326
  }
}