{
  "test": "MPU6886_014",
  "mode": "MPU6886 ODR50 DLPF_CFG=4 gyro BW 20 Hz noise BW 30.5 Hz; A_DLPF_CFG=4 accel BW 21.2 Hz noise BW 31.0 Hz",
  "rows": 358000,
  "duration_h": 1.9888833330555555,
  "fs_mean_hz": 50.00000000698326,
  "plateau": {
    "start_s": 3519.966473,
    "end_s": 7161.646473,
    "duration_min": 60.69466666666666,
    "temp_mean_c": 37.71310532637907,
    "temp_span_c": 0.6976744186046488
  },
  "orientation": {
    "face": "+Z",
    "axis": "z",
    "value_g": 1.0104191176596782
  },
  "accel_g": {
    "x": {
      "mean": 0.03391572976520238,
      "std": 0.0006104066122958475,
      "min": 0.030029296875,
      "max": 0.036865234375,
      "p05": 0.032958984375,
      "p95": 0.034912109375
    },
    "y": {
      "mean": -0.016255430799832497,
      "std": 0.0006076248537138868,
      "min": -0.02099609375,
      "max": -0.011474609375,
      "p05": -0.017333984375,
      "p95": -0.015380859375
    },
    "z": {
      "mean": 1.0104191176596782,
      "std": 0.0005927554800406271,
      "min": 0.997802734375,
      "max": 1.017578125,
      "p05": 1.009521484375,
      "p95": 1.011474609375
    }
  },
  "gyro_dps": {
    "x": {
      "mean": -3.9732899550476084,
      "std": 0.06057377724914027,
      "min": -4.39453125,
      "max": -3.60107421875,
      "p05": -4.08935546875,
      "p95": -3.90625
    },
    "y": {
      "mean": -2.924455340547512,
      "std": 0.039463557774839134,
      "min": -3.11279296875,
      "max": -2.74658203125,
      "p05": -2.99072265625,
      "p95": -2.86865234375
    },
    "z": {
      "mean": -0.5060935199177239,
      "std": 0.03147274695098226,
      "min": -0.6103515625,
      "max": -0.3662109375,
      "p05": -0.54931640625,
      "p95": -0.48828125
    }
  },
  "gyro_slope_dps_h": {
    "x": -0.03402016287309587,
    "y": -0.014616585328190698,
    "z": 0.03478701956820323
  },
  "gyro_half_delta_dps": {
    "x": -0.018378359213435225,
    "y": -0.0044079565534262954,
    "z": 0.014641124635789537
  },
  "gyro_residual_after_plateau_bias_dps": {
    "x": {
      "std": 0.06057377724914027,
      "min": -0.4212412949523916,
      "max": 0.3722157362976084,
      "p01": -0.1160655137023916,
      "p05": -0.1160655137023916,
      "p95": 0.0670399550476084,
      "p99": 0.1280751112976084
    },
    "y": {
      "std": 0.03946355777483913,
      "min": -0.188337628202488,
      "max": 0.177873309297512,
      "p01": -0.066267315702488,
      "p05": -0.066267315702488,
      "p95": 0.055802996797511994,
      "p99": 0.055802996797511994
    },
    "z": {
      "std": 0.03147274695098226,
      "min": -0.10425804258227611,
      "max": 0.1398825824177239,
      "p01": -0.04322288633227611,
      "p05": -0.04322288633227611,
      "p95": 0.01781226991772389,
      "p99": 0.07884742616772389
    }
  },
  "gyro_residual_60s_window_mean_dps": {
    "x": {
      "n": 60,
      "min": -0.019670656931558266,
      "max": 0.015363522755941736,
      "span": 0.0350341796875,
      "std": 0.010367543675958364,
      "p95_abs": 0.0169749375305166,
      "values": [
        0.015363522755941736,
        0.011497962860108402,
        0.012026934214275068,
        0.013654538380941736,
        0.009890703745525068,
        0.010480710255941736,
        0.011884518849691736,
        0.008039304005941736,
        0.008324134735108402,
        0.010419675099691736,
        0.007388262339275069,
        0.010745195933025068,
        0.007510332651775069,
        0.007306882130941735,
        0.005964108693441735,
        0.008690345672608402,
        0.009829668589275068,
        0.008914141245525068,
        0.012576250620525068,
        0.012596595672608402,
        0.009260007130941736,
        0.011070716766358402,
        0.007876543589275068,
        0.009015866505941736,
        0.008039304005941736,
        0.009239662078858402,
        0.008100339162191736,
        0.009931393849691736,
        0.002912350880941735,
        0.0007557753601084016,
        -0.0018687363586415984,
        0.001956133433025068,
        0.000776120412191735,
        -9.871682739159837e-05,
        -0.002987714223224932,
        -0.003781171254474932,
        -0.0006683782857249317,
        -0.0021739121398915984,
        -0.0026011582336415984,
        -0.004167727244058265,
        -0.006202232452391598,
        -0.009009849639891598,
        -0.006710858754474931,
        -0.011349530629474932,
        -0.009559166046141598,
        -0.010596763702391598,
        -0.008480878285724932,
        -0.008440188181558264,
        -0.007809491566974931,
        -0.011207115264891598,
        -0.011959882191974932,
        -0.0169444199523916,
        -0.015764406931558266,
        -0.015154055369058264,
        -0.014625084014891598,
        -0.015316815785724932,
        -0.015540611358641598,
        -0.0177378769836416,
        -0.0175547715148916,
        -0.019670656931558266
      ]
    },
    "y": {
      "n": 60,
      "min": -0.016910219348321338,
      "max": 0.020443296276678662,
      "span": 0.037353515625,
      "std": 0.009440959090569249,
      "p95_abs": 0.017013631007239197,
      "values": [
        0.01153216346417866,
        0.01372942908917866,
        0.018978452526678662,
        0.020097430391261994,
        0.020443296276678662,
        0.016455666068345327,
        0.011450783255845328,
        0.0077479837766786614,
        0.010148699922511994,
        0.010535255912095328,
        0.0053269225787619945,
        0.0051845072141786614,
        0.0072800475787619945,
        0.012223895235011994,
        0.0041062194537619945,
        -0.0007155578899880055,
        -0.0067783834108213386,
        -0.003746970650404672,
        -0.0018345357545713388,
        -0.0025466125774880055,
        -0.0059442362754046725,
        -0.00043072716082133883,
        -0.008283917264988006,
        -0.0073073547649880055,
        -0.01007428184832134,
        -0.0072259745566546725,
        -0.010582908150404672,
        -0.016910219348321338,
        -0.015119854764988006,
        -0.009443585233738006,
        -0.0063104472129046725,
        -0.0049269836712380055,
        -0.0067580383587380055,
        -0.0014886698691546723,
        -0.0068597636191546725,
        0.0064255553912619945,
        0.0045945007037619945,
        -0.0002679667441546722,
        -0.0043369771608213386,
        0.002661720755845328,
        0.011694923880845328,
        0.0057134785683453275,
        0.0070969421100119945,
        -0.00014589643165467217,
        -0.011152569608738006,
        -0.016544008410821338,
        -0.016686423775404673,
        -0.011701886014988006,
        -0.012474997994154672,
        -0.012617413358738006,
        -0.0060256164837380055,
        0.00022031450584532783,
        -0.0034011047649880055,
        -0.0005324524212380055,
        0.0052862324745953275,
        0.003902768932928661,
        0.002071714245428661,
        0.0020920592975119945,
        0.0033737975787619945,
        -0.0007359029420713389
      ]
    },
    "z": {
      "n": 60,
      "min": -0.026865464457276108,
      "max": 0.016754327209390556,
      "span": 0.043619791666666664,
      "std": 0.012949042295874638,
      "p95_abs": 0.025141221293213604,