{
  "name": "MPU6886_007",
  "csv": "raw_private_NOT_COMMITTED/MPU6886_007.csv",
  "rows": 357750,
  "duration_s": 7154.979999,
  "duration_h": 1.9874944441666667,
  "fs_mean_hz": 50.000000006988145,
  "plateau_detector": {
    "method": "earliest post-warmup tail segment with remaining temp span <= threshold",
    "min_start_s": 600.0,
    "min_duration_s": 1800.0,
    "max_temp_span_c": 0.7
  },
  "plateau": {
    "start_s": 3342.319999,
    "end_s": 7154.979999,
    "duration_s": 3812.6600000000003,
    "duration_min": 63.54433333333334,
    "temp_c": {
      "mean": 37.34610150123426,
      "std": 0.1808964309958368,
      "min": 36.961444308445536,
      "max": 37.65605875152998,
      "p05": 37.05324357405141,
      "p95": 37.56731946144431
    },
    "temp_span_c": 0.694614443084447
  },
  "orientation": {
    "dominant_accel_axis": "z",
    "dominant_accel_sign": "-",
    "dominant_accel_value_g": -0.9914623331615655
  },
  "accel_g": {
    "x": {
      "mean": -0.01980141654787446,
      "std": 0.0016608538605886486,
      "min": -0.027587890625,
      "max": -0.0126953125,
      "p05": -0.0224609375,
      "p95": -0.01708984375
    },
    "y": {
      "mean": 0.003207672582425617,
      "std": 0.001570269824090214,
      "min": -0.00341796875,
      "max": 0.0107421875,
      "p05": 0.000732421875,
      "p95": 0.005859375
    },
    "z": {
      "mean": -0.9914623331615655,
      "std": 0.0014719004668685433,
      "min": -0.998291015625,
      "max": -0.9853515625,
      "p05": -0.993896484375,
      "p95": -0.989013671875
    }
  },
  "gyro_dps": {
    "x": {
      "mean": -3.04308570656828,
      "std": 0.08303073002882551,
      "min": -3.662109375,
      "max": -2.50244140625,
      "p05": -3.173828125,
      "p95": -2.9296875
    },
    "y": {
      "mean": -1.7502961412436593,
      "std": 0.07189747730594356,
      "min": -2.0751953125,
      "max": -1.40380859375,
      "p05": -1.89208984375,
      "p95": -1.64794921875
    },
    "z": {
      "mean": -0.5441837720407626,
      "std": 0.05875021327814,
      "min": -0.79345703125,
      "max": -0.30517578125,
      "p05": -0.6103515625,
      "p95": -0.42724609375
    }
  },
  "gyro_slope_dps_per_h": {
    "x": 0.07996629312886001,
    "y": 0.08351405667324846,
    "z": 0.013279841628626403
  },
  "gyro_half_delta_dps": {
    "x": 0.04494152571157306,
    "y": 0.0460064088367631,
    "z": 0.009704331787286136
  },
  "gyro_residual_after_plateau_mean_dps": {
    "x": {
      "mean": -1.3119959870094278e-16,
      "std": 0.08303073002882551,
      "min": -0.6190236684317201,
      "max": 0.5406443003182799,
      "p05": -0.13074241843172008,
      "p95": 0.11339820656827992
    },
    "y": {
      "mean": -3.101081423840466e-17,
      "std": 0.07189747730594356,
      "min": -0.3248991712563407,
      "max": 0.3464875474936593,
      "p05": -0.1417937025063407,
      "p95": 0.10234692249365929
    },
    "z": {
      "mean": -3.9658060516421343e-17,
      "std": 0.05875021327814,
      "min": -0.24927325920923737,
      "max": 0.23900799079076263,
      "p05": -0.06616779045923737,
      "p95": 0.11693767829076263
    }
  },
  "decimation_counter_counts_plateau": {
    "19": 7097,
    "20": 183517,
    "21": 20
  },
  "diagnostics": {
    "input": "raw_private_NOT_COMMITTED/MPU6886_007.BIN",
    "csv": "raw_private_NOT_COMMITTED/MPU6886_007.csv",
    "file_size": 91584256,
    "header_ok": true,
    "header_crc_ok": true,
    "record_size": 256,
    "payload_bytes": 91584000,
    "payload_mod_record_size": 0,
    "records_valid": 357750,
    "records_crc_bad": 0,
    "resync_count": 0,
    "stray_bytes": 0,
    "seq_gaps": 0,
    "seq_drop_estimate": 0,
    "timestamp_nonmonotonic": 0,
    "timestamp_gap_drop_estimate": 0,
    "timestamp_dt_min_us": 19998,
    "timestamp_dt_max_us": 20002,
    "timestamp_dt_mean_us": 19999.999997204744,
    "timestamp_jitter_rms_us": 0.12413801082241264,
    "sample_fresh_false": 0,
    "fifo_overrun_records": 0,
    "fifo_overrun_counter_final": 0,
    "sd_records_written_final": 357750,
    "sd_records_dropped_final": 0,
    "sd_partial_write_count_final": 0,
    "sd_stall_count_final": 0,
    "sd_reopen_count_final": 0,
    "sd_flush_worst_us_final": 59046,
    "sd_queue_high_watermark_final": 3,
    "read_error_count_final": 0,
    "duration_s": 7154.979999,
    "fs_mean_hz": 50.00000000698814,
    "read_error_count_csv_final": 0,
    "sd_records_dropped_csv_final": 0,
    "sd_partial_write_count_csv_final": 0,
    "sd_stall_count_csv_final": 0,
    "sd_reopen_count_csv_final": 0,
    "sd_flush_worst_us_csv_final": 59046,
    "sd_queue_high_watermark_csv_final": 3,
    "fifo_overrun_count_csv_final": 0,
    "sample_fresh_false_csv": 0,
    "fifo_overrun_records_csv": 0
  }
}