{
  "tests": [
    "MPU6886_001",
    "MPU6886_002",
    "MPU6886_003",
    "MPU6886_007",
    "MPU6886_010",
    "MPU6886_011"
  ],
  "orientations": [
    "+Z",
    "-X",
    "+X",
    "-Z",
    "-Y",
    "+Y"
  ],
  "n_tests": 6,
  "gyro_mean_range_dps": {
    "x": [
      -5.091754410015332,
      -2.517281300915558
    ],
    "y": [
      -3.2164682657327575,
      -1.5466903787195596
    ],
    "z": [
      -0.7915665897814809,
      -0.41494027924036386
    ]
  },
  "gyro_mean_avg_dps": {
    "x": -3.801578711206988,
    "y": -2.326335462020142,
    "z": -0.5776722547440554
  },
  "gyro_std_avg_dps": {
    "x": 0.12075155609410122,
    "y": 0.10446042316215776,
    "z": 0.06046906495699214
  },
  "gyro_std_range_dps": {
    "x": [
      0.08303073002882551,
      0.1836078264207615
    ],
    "y": [
      0.07189747730594356,
      0.20018849691819185
    ],
    "z": [
      0.05762683725208791,
      0.06667337980855392
    ]
  },
  "gyro_slope_range_dps_h": {
    "x": [
      -0.10135889235852506,
      0.19788285354079693
    ],
    "y": [
      -0.04099325743043231,
      0.26856366082174393
    ],
    "z": [
      -0.019074757331168726,
      0.013279841628626403
    ]
  },
  "acc_std_avg_mg": {
    "x": 1.8299978825110432,
    "y": 1.6597612351984925,
    "z": 1.9905861130017568
  },
  "diagnostics_all_ok": true
}