{
  "reference": "MPU6886_014",
  "repeat": "MPU6886_017",
  "same_face": true,
  "face_reference": "+Z",
  "face_repeat": "+Z",
  "gyro_mean_delta_dps": {
    "x": 1.2934565853576188,
    "y": 1.8291597576772523,
    "z": 0.0007510988092084281
  },
  "gyro_std_delta_dps": {
    "x": -0.004312319330493808,
    "y": 0.002021362221399488,
    "z": 0.00029654440079258937
  },
  "acc_mean_delta_g": {
    "x": -0.0006290689095243898,
    "y": 0.0016185220345826656,
    "z": -0.000137938492224432
  },
  "temp_mean_delta_c": -0.9044318283000266
}