{
  "schema_version": 1,
  "input": "raw_private_NOT_COMMITTED/tel_94.csv",
  "duration_s": 7135.533193,
  "sampling": {
    "fs_hz": 49.990001999670774,
    "method": "median timestamp delta"
  },
  "timing_quality": {
    "status": "FAIL",
    "note": "77 estimated dropped samples",
    "sample_count": 356701,
    "duration_s": 7135.533193,
    "fs_median_hz": 49.990001999670774,
    "fs_mean_hz": 49.98925663325689,
    "dt_median_s": 0.02000399999997171,
    "dt_mean_s": 0.020004298270255117,
    "dt_std_s": 0.0011434065110305371,
    "dt_min_s": 0.013199,
    "dt_max_s": 0.320252999999866,
    "jitter_rms_us": 1143.406549934094,
    "jitter_p95_us": 282.9999998539279,
    "timing_outlier_count": 7,
    "estimated_dropped_samples": 77,
    "duplicate_time_count": 0,
    "fifo_overrun_count": 0,
    "fifo_backlog_max": 21.0,
    "imu_sample_fresh_rate": 0.9986038727113185,
    "mag_sample_fresh_rate": 0.49930053462143364
  },
  "thermal_plateau": {
    "found": true,
    "start_s": 3928.032962,
    "end_s": 7135.533193,
    "duration_s": 3207.500231,
    "temp_mean_c": 35.20231249922043,
    "median_abs_slope_c_min": 0.018208497705583068,
    "start_idx": 196355,
    "end_idx": 356700,
    "note": ""
  },
  "axis_metrics": {
    "gyro": {
      "x": {
        "mean": 0.15352998639816398,
        "std": 0.903681195818075,
        "rms_noise": 0.903681195818075,
        "sample_count": 160346,
        "shapiro_p": 0.012678390758801674,
        "shapiro_pass": false,
        "psd": {
          "noise_floor": 0.18060593612464204,
          "spikes_hz": [],
          "frequency_bin_count": 513
        },
        "allan": {
          "source": "numpy",
          "tau_count": 50,
          "tau_min_s": 0.10001999999985856,
          "tau_max_s": 1069.193795998488,
          "bias_instability": 0.004586144853167225,
          "bias_tau_s": 1069.193795998488,
          "bias_instability_ci95": {
            "tau_s": 1069.193795998488,
            "low": 0.004558817580306028,
            "high": 0.00461380401582755,
            "n": 53449.0
          },
          "random_walk_density": 0.18032870368309678,
          "random_walk_tau_s": 1.0,
          "random_walk_ci95": {
            "tau_s": 0.9601919999986421,
            "low": 0.12963667671817858,
            "high": 0.13053741029918098,
            "n": 160251.0
          },
          "min_equivalent_count": 53449.0,
          "low_confidence_tau_count": 0
        },
        "unit": "dps",
        "psd_unit": "dps/sqrt(Hz)",
        "random_walk_unit": "dps/sqrt(Hz)",
        "offset_pass": true,
        "offset_tolerance": 0.5
      },
      "y": {
        "mean": 0.008776195533409002,
        "std": 0.9249424912307288,
        "rms_noise": 0.9249424912307288,
        "sample_count": 160346,
        "shapiro_p": 0.0017573421962901077,
        "shapiro_pass": false,
        "psd": {
          "noise_floor": 0.1846142885821054,
          "spikes_hz": [],
          "frequency_bin_count": 513
        },
        "allan": {
          "source": "numpy",
          "tau_count": 50,
          "tau_min_s": 0.10001999999985856,
          "tau_max_s": 1069.193795998488,
          "bias_instability": 0.0014661246807764544,
          "bias_tau_s": 1069.193795998488,
          "bias_instability_ci95": {
            "tau_s": 1069.193795998488,
            "low": 0.0014573885438939824,
            "high": 0.0014749669180638154,
            "n": 53449.0
          },
          "random_walk_density": 0.1865113582564603,
          "random_walk_tau_s": 1.0,
          "random_walk_ci95": {
            "tau_s": 0.9601919999986421,
            "low": 0.13406807170126656,
            "high": 0.13499959522823948,
            "n": 160251.0
          },
          "min_equivalent_count": 53449.0,
          "low_confidence_tau_count": 0
        },
        "unit": "dps",
        "psd_unit": "dps/sqrt(Hz)",
        "random_walk_unit": "dps/sqrt(Hz)",
        "offset_pass": true,
        "offset_tolerance": 0.5
      },
      "z": {
        "mean": 0.5642841926084842,
        "std": 0.8798741413350422,
        "rms_noise": 0.8798741413350422,
        "sample_count": 160346,
        "shapiro_p": 0.00016553107423983779,
        "shapiro_pass": false,
        "psd": {
          "noise_floor": 0.17538559162593728,
          "spikes_hz": [],
          "frequency_bin_count": 513
        },
        "allan": {
          "source": "numpy",
          "tau_count": 50,
          "tau_min_s": 0.10001999999985856,
          "tau_max_s": 1069.193795998488,
          "bias_instability": 0.007590106161802893,
          "bias_tau_s": 884.7569159987488,
          "bias_instability_ci95": {
            "tau_s": 884.7569159987488,
            "low": 0.007551076541566742,
            "high": 0.007629544165298624,
            "n": 71889.0
          },
          "random_walk_density": 0.1749895302542473,
          "random_walk_tau_s": 1.0,
          "random_walk_ci95": {
            "tau_s": 0.9601919999986421,
            "low": 0.12577027305010302,
            "high": 0.12664414232302756,
            "n": 160251.0
          },
          "min_equivalent_count": 53449.0,
          "low_confidence_tau_count": 0
        },
        "unit": "dps",
        "psd_unit": "dps/sqrt(Hz)",
        "random_walk_unit": "dps/sqrt(Hz)",
        "offset_pass": false,
        "offset_tolerance": 0.5
      }
    },
    "accel": {
      "x": {
        "mean": -0.01257766730071221,
        "std": 0.003224145200866136,
        "rms_noise": 0.003224145200866136,
        "sample_count": 160346,
        "shapiro_p": 0.00014040295562045557,
        "shapiro_pass": false,
        "psd": {
          "noise_floor": 0.6447480953469306,
          "spikes_hz": [],
          "frequency_bin_count": 513
        },
        "allan": {
          "source": "numpy",
          "tau_count": 50,
          "tau_min_s": 0.10001999999985856,
          "tau_max_s": 1069.193795998488,
          "bias_instability": 5.1451748328727726e-05,
          "bias_tau_s": 194.5388999997249,
          "bias_instability_ci95": {
            "tau_s": 194.5388999997249,
            "low": 5.126248331866428e-05,
            "high": 5.164242579949705e-05,
            "n": 140897.0
          },
          "random_walk_density": 0.0006376448330195777,
          "random_walk_tau_s": 1.0,
          "random_walk_ci95": {
            "tau_s": 0.9601919999986421,
            "low": 0.0004581678312193059,
            "high": 0.0004613512447544386,
            "n": 160251.0
          },
          "min_equivalent_count": 53449.0,
          "low_confidence_tau_count": 0
        },
        "unit": "G",
        "psd_unit": "mg/sqrt(Hz)",
        "random_walk_unit": "G/sqrt(Hz)",
        "expected_static_g": 0.0,
        "static_error_g": -0.01257766730071221,
        "offset_pass": true,
        "offset_tolerance_g": 0.02,
        "dominant_gravity_axis": false
      },
      "y": {
        "mean": -0.01801050207675901,
        "std": 0.003385323051139515,
        "rms_noise": 0.003385323051139515,
        "sample_count": 160346,
        "shapiro_p": 0.008758131115739951,
        "shapiro_pass": false,
        "psd": {
          "noise_floor": 0.6768419737543735,
          "spikes_hz": [],
          "frequency_bin_count": 513
        },
        "allan": {
          "source": "numpy",
          "tau_count": 50,
          "tau_min_s": 0.10001999999985856,
          "tau_max_s": 1069.193795998488,
          "bias_instability": 2.8601048627638306e-05,
          "bias_tau_s": 884.7569159987488,
          "bias_instability_ci95": {
            "tau_s": 884.7569159987488,
            "low": 2.8453977158215373e-05,
            "high": 2.874965896742971e-05,
            "n": 71889.0
          },
          "random_walk_density": 0.0006743759542054455,
          "random_walk_tau_s": 1.0,
          "random_walk_ci95": {
            "tau_s": 0.9601919999986421,
            "low": 0.0004849813254933472,
            "high": 0.0004883510428996379,