{
  "schema_version": 1,
  "input": "raw_private_NOT_COMMITTED/tel_95.csv",
  "duration_s": 2601.132731,
  "sampling": {
    "fs_hz": 49.992501124611536,
    "method": "median timestamp delta"
  },
  "timing_quality": {
    "status": "FAIL",
    "note": "14 estimated dropped samples",
    "sample_count": 130044,
    "duration_s": 2601.132731,
    "fs_median_hz": 49.992501124611536,
    "fs_mean_hz": 49.99475745707342,
    "dt_median_s": 0.020003000000087923,
    "dt_mean_s": 0.02000209723706774,
    "dt_std_s": 0.0008181975129095375,
    "dt_min_s": 0.012728,
    "dt_max_s": 0.3002249999999549,
    "jitter_rms_us": 818.1980109438201,
    "jitter_p95_us": 280.00000020256266,
    "timing_outlier_count": 2,
    "estimated_dropped_samples": 14,
    "duplicate_time_count": 0,
    "fifo_overrun_count": 0,
    "fifo_backlog_max": 21.0,
    "imu_sample_fresh_rate": 0.9986158530958752,
    "mag_sample_fresh_rate": 0.4993079265479376
  },
  "thermal_plateau": {
    "found": true,
    "start_s": 1618.132973,
    "end_s": 2104.932972,
    "duration_s": 486.79999900000007,
    "temp_mean_c": 35.14497760979418,
    "median_abs_slope_c_min": 0.036794480828960405,
    "start_idx": 80907,
    "end_idx": 105247,
    "note": ""
  },
  "axis_metrics": {
    "gyro": {
      "x": {
        "mean": 0.14695979220245675,
        "std": 0.8990337784666773,
        "rms_noise": 0.8990337784666773,
        "sample_count": 24341,
        "shapiro_p": 0.0016356765431544363,
        "shapiro_pass": false,
        "psd": {
          "noise_floor": 0.1795373260198117,
          "spikes_hz": [],
          "frequency_bin_count": 513
        },
        "allan": {
          "source": "numpy",
          "tau_count": 50,
          "tau_min_s": 0.10001500000043961,
          "tau_max_s": 162.3043420007134,
          "bias_instability": 0.0034634654978542576,
          "bias_tau_s": 162.3043420007134,
          "bias_instability_ci95": {
            "tau_s": 162.3043420007134,
            "low": 0.0034109917974835804,
            "high": 0.003517590518190031,
            "n": 8114.0
          },
          "random_walk_density": 0.18280187160443445,
          "random_walk_tau_s": 1.0,
          "random_walk_ci95": {
            "tau_s": 0.9601440000042203,
            "low": 0.13068210800847174,
            "high": 0.13302924915311024,
            "n": 24246.0
          },
          "min_equivalent_count": 8114.0,
          "low_confidence_tau_count": 0
        },
        "unit": "dps",
        "psd_unit": "dps/sqrt(Hz)",
        "random_walk_unit": "dps/sqrt(Hz)",
        "offset_pass": true,
        "offset_tolerance": 0.5
      },
      "y": {
        "mean": 0.0982214346164907,
        "std": 0.9188430679042068,
        "rms_noise": 0.9188430679042068,
        "sample_count": 24341,
        "shapiro_p": 0.0023937903323354953,
        "shapiro_pass": false,
        "psd": {
          "noise_floor": 0.18322825682191826,
          "spikes_hz": [],
          "frequency_bin_count": 513
        },
        "allan": {
          "source": "numpy",
          "tau_count": 50,
          "tau_min_s": 0.10001500000043961,
          "tau_max_s": 162.3043420007134,
          "bias_instability": 0.0046592160699592804,
          "bias_tau_s": 162.3043420007134,
          "bias_instability_ci95": {
            "tau_s": 162.3043420007134,
            "low": 0.004588625989541631,
            "high": 0.004732027583367323,
            "n": 8114.0
          },
          "random_walk_density": 0.1872823701125045,
          "random_walk_tau_s": 1.0,
          "random_walk_ci95": {
            "tau_s": 0.9601440000042203,
            "low": 0.13357859556328872,
            "high": 0.1359777596299511,
            "n": 24246.0
          },
          "min_equivalent_count": 8114.0,
          "low_confidence_tau_count": 0
        },
        "unit": "dps",
        "psd_unit": "dps/sqrt(Hz)",
        "random_walk_unit": "dps/sqrt(Hz)",
        "offset_pass": true,
        "offset_tolerance": 0.5
      },
      "z": {
        "mean": 0.49373505291483505,
        "std": 0.8814432436411503,
        "rms_noise": 0.8814432436411503,
        "sample_count": 24341,
        "shapiro_p": 0.0013378543205715882,
        "shapiro_pass": false,
        "psd": {
          "noise_floor": 0.1746131471764531,
          "spikes_hz": [],
          "frequency_bin_count": 513
        },
        "allan": {
          "source": "numpy",
          "tau_count": 50,
          "tau_min_s": 0.10001500000043961,
          "tau_max_s": 162.3043420007134,
          "bias_instability": 0.010113453508015346,
          "bias_tau_s": 103.21548000045368,
          "bias_instability_ci95": {
            "tau_s": 103.21548000045368,
            "low": 0.009996467289357058,
            "high": 0.010233229765778696,
            "n": 14022.0
          },
          "random_walk_density": 0.16975897053456265,
          "random_walk_tau_s": 1.0,
          "random_walk_ci95": {
            "tau_s": 0.9601440000042203,
            "low": 0.12150439615860334,
            "high": 0.12368669924373435,
            "n": 24246.0
          },
          "min_equivalent_count": 8114.0,
          "low_confidence_tau_count": 0
        },
        "unit": "dps",
        "psd_unit": "dps/sqrt(Hz)",
        "random_walk_unit": "dps/sqrt(Hz)",
        "offset_pass": true,
        "offset_tolerance": 0.5
      }
    },
    "accel": {
      "x": {
        "mean": -0.0049456910973255,
        "std": 0.002833184273045124,
        "rms_noise": 0.002833184273045124,
        "sample_count": 24341,
        "shapiro_p": 8.304814856733705e-12,
        "shapiro_pass": false,
        "psd": {
          "noise_floor": 0.5619517969975163,
          "spikes_hz": [],
          "frequency_bin_count": 513
        },
        "allan": {
          "source": "numpy",
          "tau_count": 50,
          "tau_min_s": 0.10001500000043961,
          "tau_max_s": 162.3043420007134,
          "bias_instability": 3.137646135710729e-05,
          "bias_tau_s": 162.3043420007134,
          "bias_instability_ci95": {
            "tau_s": 162.3043420007134,
            "low": 3.0901088054568256e-05,
            "high": 3.186679440938402e-05,
            "n": 8114.0
          },
          "random_walk_density": 0.000587010256447432,
          "random_walk_tau_s": 1.0,
          "random_walk_ci95": {
            "tau_s": 0.9601440000042203,
            "low": 0.0004198191222186517,
            "high": 0.00042735936433811256,
            "n": 24246.0
          },
          "min_equivalent_count": 8114.0,
          "low_confidence_tau_count": 0
        },
        "unit": "G",
        "psd_unit": "mg/sqrt(Hz)",
        "random_walk_unit": "G/sqrt(Hz)",
        "expected_static_g": 0.0,
        "static_error_g": -0.0049456910973255,
        "offset_pass": true,
        "offset_tolerance_g": 0.02,
        "dominant_gravity_axis": false
      },
      "y": {
        "mean": 0.9945470292921409,
        "std": 0.0032514174018535586,
        "rms_noise": 0.0032514174018535586,
        "sample_count": 24341,
        "shapiro_p": 4.551068856464172e-06,
        "shapiro_pass": false,
        "psd": {
          "noise_floor": 0.6464612251283498,
          "spikes_hz": [],
          "frequency_bin_count": 513
        },
        "allan": {
          "source": "numpy",
          "tau_count": 50,
          "tau_min_s": 0.10001500000043961,
          "tau_max_s": 162.3043420007134,
          "bias_instability": 3.5209189649645896e-05,
          "bias_tau_s": 162.3043420007134,
          "bias_instability_ci95": {
            "tau_s": 162.3043420007134,
            "low": 3.467574808104517e-05,
            "high": 3.575941834601196e-05,
            "n": 8114.0
          },
          "random_walk_density": 0.0006691654776533094,
          "random_walk_tau_s": 1.0,
          "random_walk_ci95": {
            "tau_s": 0.9601440000042203,
            "low": 0.00048107459891744283,
            "high": 0.0004897150318119473,